{
  "project_info": {
    "project_number": "227902881821",
    "firebase_url": "https://covid-monitor-1599596988334.firebaseio.com",
    "project_id": "covid-monitor-1599596988334",
    "storage_bucket": "covid-monitor-1599596988334.appspot.com"
  },
  "client": [
    {
      "client_info": {
        "mobilesdk_app_id": "1:227902881821:android:68a8e29211e3c6ed0846f4",
        "android_client_info": {
          "package_name": "com.nikhilgu.covidmonitor"
        }
      },
      "oauth_client": [
        {
          "client_id": "227902881821-2ukcft04qvcktvdse6arm83js90flk16.apps.googleusercontent.com",
          "client_type": 1,
          "android_info": {
            "package_name": "com.nikhilgu.covidmonitor",
            "certificate_hash": "5129d9993e2213dbdeac12634c7e82f0dfa6064d"
          }
        },
        {
          "client_id": "227902881821-a6bepmhm6ahjftfi3q5heodumt5g4vc3.apps.googleusercontent.com",
          "client_type": 3
        }
      ],
      "api_key": [
        {
          "current_key": "AIzaSyDRIqKBHPX2FLLcLLw6Bn9OUAH227TXUvg"
        }
      ],
      "services": {
        "appinvite_service": {
          "other_platform_oauth_client": [
            {
              "client_id": "227902881821-a6bepmhm6ahjftfi3q5heodumt5g4vc3.apps.googleusercontent.com",
              "client_type": 3
            }
          ]
        }
      }
    }
  ],
  "configuration_version": "1"
}